refcode,cif_path,NH3_uptake_298K_1bar [mmol/g]
ABEXIQ,cifs/ABEXIQ.cif,8.503474
ABEXOW,cifs/ABEXOW.cif,8.171084
ABEXUC,cifs/ABEXUC.cif,8.263816
ABEYAJ,cifs/ABEYAJ.cif,8.029264
ABEYIR,cifs/ABEYIR.cif,7.666611
ABIYIV,cifs/ABIYIV.cif,1.9948
ACUTOI,cifs/ACUTOI.cif,4.375513
ADIQEL,cifs/ADIQEL.cif,0.8752
ADOBAX,cifs/ADOBAX.cif,0.302455
AFIXAO,cifs/AFIXAO.cif,0.028587
AFOTUL,cifs/AFOTUL.cif,2.358864
AFOVAT,cifs/AFOVAT.cif,2.693346
AFOVIB,cifs/AFOVIB.cif,2.350467
AFOVOH,cifs/AFOVOH.cif,2.465062
AFOYOK,cifs/AFOYOK.cif,0.018661
AGARUW,cifs/AGARUW.cif,6.990875
AGAXOV,cifs/AGAXOV.cif,0.04802
AJAYIT,cifs/AJAYIT.cif,3.495685
ALAMUW,cifs/ALAMUW.cif,0.223322
ALIXUP,cifs/ALIXUP.cif,8.425083
ALUKIC,cifs/ALUKIC.cif,3.696475
ALULAV,cifs/ALULAV.cif,3.563514
ALULID,cifs/ALULID.cif,3.073167
AMILUE,cifs/AMILUE.cif,1.039812
AMUXAI,cifs/AMUXAI.cif,1.500546
ANENEN,cifs/ANENEN.cif,3.013846
ANOMUM,cifs/ANOMUM.cif,0.239701
ANUGIA,cifs/ANUGIA.cif,0.016923
AROFAP,cifs/AROFAP.cif,3.780053
AROFET,cifs/AROFET.cif,2.908763
ASADAA,cifs/ASADAA.cif,2.230326
ATIBAG,cifs/ATIBAG.cif,0.041693
ATIBIO,cifs/ATIBIO.cif,0.010067
ATIBOU01,cifs/ATIBOU01.cif,0.039866
ATIBOU,cifs/ATIBOU.cif,0.050911
ATIBUA,cifs/ATIBUA.cif,0.038736
ATICAH,cifs/ATICAH.cif,0.04094
ATIJUJ,cifs/ATIJUJ.cif,2.029122
ATOWIQ,cifs/ATOWIQ.cif,2.130113
ATOWOW,cifs/ATOWOW.cif,1.849669
AVELOD,cifs/AVELOD.cif,0.048687
AVEMAQ,cifs/AVEMAQ.cif,0.019188
AVIMOI,cifs/AVIMOI.cif,4.450842
AVIPAX,cifs/AVIPAX.cif,9.059938
AVUDAX,cifs/AVUDAX.cif,0.045424
AWEJIW,cifs/AWEJIW.cif,3.770986
AZIXUD,cifs/AZIXUD.cif,7.355054
BAKGIF,cifs/BAKGIF.cif,0.69857
BAKJEE,cifs/BAKJEE.cif,2.002234
BAKJII,cifs/BAKJII.cif,0.379972
BANMAG,cifs/BANMAG.cif,2.948868
BARZUR,cifs/BARZUR.cif,2.859596
BASJUB,cifs/BASJUB.cif,0.905977
BAWRUO,cifs/BAWRUO.cif,7.325189
BAXSIE,cifs/BAXSIE.cif,7.395202
BAZJIX,cifs/BAZJIX.cif,5.617341
BEPLUF,cifs/BEPLUF.cif,0.013907
BEPMAM,cifs/BEPMAM.cif,0.011657
BEPMIU,cifs/BEPMIU.cif,0.24767
BEPNIV,cifs/BEPNIV.cif,0.49244
BEPNOB,cifs/BEPNOB.cif,0.459115
BEPNUH,cifs/BEPNUH.cif,0.084971
BEPPAP,cifs/BEPPAP.cif,0.344168
BEPPIX,cifs/BEPPIX.cif,0.005942
BEPPOD,cifs/BEPPOD.cif,0.976389
BEPVEZ,cifs/BEPVEZ.cif,0.081949
BEPVID,cifs/BEPVID.cif,0.127895
BEPVOJ01,cifs/BEPVOJ01.cif,0.18422
BEPVOJ,cifs/BEPVOJ.cif,0.223519
BETDEL,cifs/BETDEL.cif,6.37352
BETFEN,cifs/BETFEN.cif,7.197146
BETFUD,cifs/BETFUD.cif,7.305942
BETGAK,cifs/BETGAK.cif,7.268554
BEXPAX,cifs/BEXPAX.cif,0.600429
BEXSAA,cifs/BEXSAA.cif,14.91884
BEXTUV,cifs/BEXTUV.cif,11.01737
BEYSEF,cifs/BEYSEF.cif,0.096728
BIBXUH,cifs/BIBXUH.cif,0.020601
BORBEQ,cifs/BORBEQ.cif,7.413262
BUGSAY,cifs/BUGSAY.cif,5.615073
BUGSIG,cifs/BUGSIG.cif,5.780264
BUKMUQ,cifs/BUKMUQ.cif,5.327465
BURJOO,cifs/BURJOO.cif,2.546695
BUSQEM,cifs/BUSQEM.cif,0.084141
BUVYEX,cifs/BUVYEX.cif,0.08516
BUVYIB,cifs/BUVYIB.cif,0.075705
CADPII,cifs/CADPII.cif,0.0149
CANRIU,cifs/CANRIU.cif,3.777037
CANRUG,cifs/CANRUG.cif,5.05913
CAVSUP,cifs/CAVSUP.cif,2.51253
CAWDOU02,cifs/CAWDOU02.cif,0.082263
CAWVIH,cifs/CAWVIH.cif,0.058463
CAXVII,cifs/CAXVII.cif,3.141982
CAXVOO,cifs/CAXVOO.cif,2.500075
CAXWAB,cifs/CAXWAB.cif,4.488972
CAXWEF,cifs/CAXWEF.cif,4.795259
CAXWIJ,cifs/CAXWIJ.cif,4.595941
CAYDEN,cifs/CAYDEN.cif,0.146398
CAYDIR,cifs/CAYDIR.cif,0.163561
CAYSOK,cifs/CAYSOK.cif,0.190659
CAZGIT,cifs/CAZGIT.cif,0.111199
CEBDOD,cifs/CEBDOD.cif,3.83763
CEGDUO,cifs/CEGDUO.cif,0.009421
CEHKUW,cifs/CEHKUW.cif,5.610967
CEHPIP,cifs/CEHPIP.cif,0.105822
CEJBEA,cifs/CEJBEA.cif,0.085445
CEKHIL,cifs/CEKHIL.cif,2.1036
CELZEA,cifs/CELZEA.cif,8.565119
CENKAJ,cifs/CENKAJ.cif,3.624126
CENPUI,cifs/CENPUI.cif,3.43057
CETFOX,cifs/CETFOX.cif,3.654998
CETFUD,cifs/CETFUD.cif,5.743385
CEYPUT,cifs/CEYPUT.cif,1.764407
CIJVOH01,cifs/CIJVOH01.cif,0.299864
CIJVOH,cifs/CIJVOH.cif,0.381532
CITZIP,cifs/CITZIP.cif,1.273531
CIVTEH,cifs/CIVTEH.cif,0.254971
CIWYUD,cifs/CIWYUD.cif,3.144619
CODROD,cifs/CODROD.cif,3.712611
CODRUJ,cifs/CODRUJ.cif,3.871316
COJHIT,cifs/COJHIT.cif,0.039587
COMDOY,cifs/COMDOY.cif,0.066172
COWMAD,cifs/COWMAD.cif,14.75105
COWMIL,cifs/COWMIL.cif,13.91751
COWMOR,cifs/COWMOR.cif,3.961183
COWMUX,cifs/COWMUX.cif,12.86549
COYCEZ,cifs/COYCEZ.cif,0.137684
COYCID,cifs/COYCID.cif,0.059105
CUCSAU,cifs/CUCSAU.cif,0.045491
CUIMDZ01,cifs/CUIMDZ01.cif,0.01305
CUKYAJ,cifs/CUKYAJ.cif,8.590596
CUMDIY,cifs/CUMDIY.cif,2.501682
CUMDOE,cifs/CUMDOE.cif,5.539259
CUNWEO,cifs/CUNWEO.cif,0.147612
CUVGIK,cifs/CUVGIK.cif,0.23449
CUVGOQ,cifs/CUVGOQ.cif,0.30596
CUVTUJ,cifs/CUVTUJ.cif,2.03373
CUVXAT,cifs/CUVXAT.cif,0.092157
CUYWUP,cifs/CUYWUP.cif,0.162541
DANZOJ,cifs/DANZOJ.cif,0.024255
DAPBIH,cifs/DAPBIH.cif,0.047573
DATHAJ,cifs/DATHAJ.cif,5.456025
DAWBIO,cifs/DAWBIO.cif,0.122044
DAWBOU,cifs/DAWBOU.cif,0.118332
DAWBUA,cifs/DAWBUA.cif,0.301094
DAWCAH,cifs/DAWCAH.cif,0.374082
DAWCOV,cifs/DAWCOV.cif,2.471472
DAWWEF,cifs/DAWWEF.cif,1.013924
DAXHIV01,cifs/DAXHIV01.cif,2.708406
DAXHIV,cifs/DAXHIV.cif,2.776243
DAXHUH01,cifs/DAXHUH01.cif,2.727967
DAXHUH,cifs/DAXHUH.cif,2.756167
DEFKUU,cifs/DEFKUU.cif,5.674573
DEGJIK,cifs/DEGJIK.cif,0.072467
DEKHEH,cifs/DEKHEH.cif,0.176007
DEKHUX,cifs/DEKHUX.cif,0.093197
DEQVIF,cifs/DEQVIF.cif,0.336379
DEYJIC,cifs/DEYJIC.cif,8.580721
DEYJOI,cifs/DEYJOI.cif,7.951728
DEYLUQ,cifs/DEYLUQ.cif,1.106185
DEZKAW,cifs/DEZKAW.cif,1.547272
DIDBEZ,cifs/DIDBEZ.cif,0.131605
DIDDOK,cifs/DIDDOK.cif,0.086849
DIXKOL,cifs/DIXKOL.cif,0.889109
DOCKOW,cifs/DOCKOW.cif,0.938266
DONNAW01,cifs/DONNAW01.cif,0.391322
DOTTUC,cifs/DOTTUC.cif,4.269057
DUXKUD,cifs/DUXKUD.cif,2.888997
EBATUY,cifs/EBATUY.cif,1.749449
EBELUU,cifs/EBELUU.cif,0.152689
EBEWIT,cifs/EBEWIT.cif,4.767378
EBEXAM,cifs/EBEXAM.cif,4.859907
EBEXEQ01,cifs/EBEXEQ01.cif,6.192648
EBEXEQ,cifs/EBEXEQ.cif,6.011502
ECAHAT,cifs/ECAHAT.cif,0.183926
ECEZAO01,cifs/ECEZAO01.cif,3.603036
ECEZAO,cifs/ECEZAO.cif,2.865794
ECODIK,cifs/ECODIK.cif,1.963736
ECOLEP,cifs/ECOLEP.cif,5.099937
ECUDIR,cifs/ECUDIR.cif,0.313704
EDAFUM,cifs/EDAFUM.cif,0.058932
EDAGEX,cifs/EDAGEX.cif,0.054158
EDUSIF,cifs/EDUSIF.cif,0.007031
EFOSUO,cifs/EFOSUO.cif,3.910596
EGATOW,cifs/EGATOW.cif,8.127022
EGEJIK,cifs/EGEJIK.cif,0.024004
EGELUY01,cifs/EGELUY01.cif,0.060358
EGELUY,cifs/EGELUY.cif,0.188272
EHALOP,cifs/EHALOP.cif,0.061992
EKOPOK,cifs/EKOPOK.cif,6.072641
EKOPUQ,cifs/EKOPUQ.cif,0.080607
ELIJOZ,cifs/ELIJOZ.cif,5.625124
ELIKAM,cifs/ELIKAM.cif,5.33821
ELIKEQ,cifs/ELIKEQ.cif,5.171429
ELIKIU,cifs/ELIKIU.cif,5.074109
ELIKUG,cifs/ELIKUG.cif,4.75357
ELILAN,cifs/ELILAN.cif,4.808669
ELILER,cifs/ELILER.cif,3.784354
EPEWEC,cifs/EPEWEC.cif,3.133604
ESEVIH,cifs/ESEVIH.cif,3.771781
ETEKAQ01,cifs/ETEKAQ01.cif,8.748212
EVUQUI,cifs/EVUQUI.cif,5.429295
EVURAP,cifs/EVURAP.cif,5.409863
EXOTUH,cifs/EXOTUH.cif,0.169191
EYULOA,cifs/EYULOA.cif,1.307182
EYUWAW,cifs/EYUWAW.cif,6.896392
EZUCIM,cifs/EZUCIM.cif,1.284388
FAFMAC,cifs/FAFMAC.cif,0.071502
FAGREM,cifs/FAGREM.cif,4.741367
FAKLIO,cifs/FAKLIO.cif,0.013367
FAKLOU,cifs/FAKLOU.cif,0.012443
FAKMAH,cifs/FAKMAH.cif,0.01555
FALVOF,cifs/FALVOF.cif,12.35164
FATKAO,cifs/FATKAO.cif,6.635261
FATKIW,cifs/FATKIW.cif,7.100882
FATKUI,cifs/FATKUI.cif,7.520513
FATLUJ,cifs/FATLUJ.cif,0.078747
FAZPED,cifs/FAZPED.cif,0.496514
FAZRAA,cifs/FAZRAA.cif,0.427226
FECKAA,cifs/FECKAA.cif,0.610276
FECZAQ,cifs/FECZAQ.cif,0.018469
FEDBEX,cifs/FEDBEX.cif,10.55805
FEFDEB,cifs/FEFDEB.cif,0.023905
FERHAN,cifs/FERHAN.cif,0.125983
FEWGUL,cifs/FEWGUL.cif,1.686399
FEWTUY,cifs/FEWTUY.cif,2.404625
FEXCES,cifs/FEXCES.cif,2.06569
FEYJOJ,cifs/FEYJOJ.cif,6.802723
FEYQIK,cifs/FEYQIK.cif,6.58242
FIFPAM01,cifs/FIFPAM01.cif,0.981827
FIHFAF,cifs/FIHFAF.cif,1.903579
FIHRIZ,cifs/FIHRIZ.cif,0.930274
FIJCUX01,cifs/FIJCUX01.cif,0.106958
FIJCUX,cifs/FIJCUX.cif,0.068914
FIPWOS,cifs/FIPWOS.cif,3.930144
FIPXEJ,cifs/FIPXEJ.cif,4.542455
FIQCEN,cifs/FIQCEN.cif,0.059181
FIQYOU,cifs/FIQYOU.cif,0.058219
FIVYEP01,cifs/FIVYEP01.cif,0.597386
FIVYEP,cifs/FIVYEP.cif,0.594628
FUNBAS,cifs/FUNBAS.cif,0.142345
FUTZOK,cifs/FUTZOK.cif,8.428764
FUWXOL,cifs/FUWXOL.cif,0.455559
FUWYAY,cifs/FUWYAY.cif,4.790898
GACPUX,cifs/GACPUX.cif,0.432894
GACQAE,cifs/GACQAE.cif,0.14364
GADMAA,cifs/GADMAA.cif,1.910468
GAJYUN,cifs/GAJYUN.cif,6.464892
GAJZAU,cifs/GAJZAU.cif,6.293778
GAJZEY,cifs/GAJZEY.cif,6.789092
GAJZIC,cifs/GAJZIC.cif,5.963765
GAJZOI,cifs/GAJZOI.cif,5.906448
GAJZUO,cifs/GAJZUO.cif,7.077582
GALCAZ,cifs/GALCAZ.cif,0.073914
GAXDIS10,cifs/GAXDIS10.cif,0.021163
GAXKOH,cifs/GAXKOH.cif,0.232338
GAXQIH,cifs/GAXQIH.cif,1.902925
GAYGAQ,cifs/GAYGAQ.cif,1.023174
GEDDEA,cifs/GEDDEA.cif,4.966565
GEDQIR,cifs/GEDQIR.cif,7.667475
GEDQOX,cifs/GEDQOX.cif,7.735423
GEDRAK,cifs/GEDRAK.cif,9.000618
GEDRUE,cifs/GEDRUE.cif,8.097316
GEDSAL,cifs/GEDSAL.cif,7.809547
GEDSEP,cifs/GEDSEP.cif,2.509005
GEDSOZ,cifs/GEDSOZ.cif,7.738694
GERNOI,cifs/GERNOI.cif,1.001093
GERPUP,cifs/GERPUP.cif,0.172757
GERWEH,cifs/GERWEH.cif,0.097694
GESFAN,cifs/GESFAN.cif,1.025265
GEVXIQ,cifs/GEVXIQ.cif,11.71786
GEWXAJ,cifs/GEWXAJ.cif,0.721473
GIFKIP,cifs/GIFKIP.cif,0.379191
GINLIA,cifs/GINLIA.cif,3.319978
GIQXEK,cifs/GIQXEK.cif,7.95976
GIQXIO,cifs/GIQXIO.cif,8.701639
GIQXOU,cifs/GIQXOU.cif,8.487024
GIQXUA,cifs/GIQXUA.cif,8.744958
GIQYAH,cifs/GIQYAH.cif,8.628031
GIQYEL,cifs/GIQYEL.cif,7.815049
GIQYIP,cifs/GIQYIP.cif,9.27407
GIQYOV,cifs/GIQYOV.cif,6.242189
GIRDUI,cifs/GIRDUI.cif,3.189474
GITWIQ,cifs/GITWIQ.cif,0.704048
GIYSEN,cifs/GIYSEN.cif,0.487876
GIYSIR,cifs/GIYSIR.cif,0.117041
GIYSOX,cifs/GIYSOX.cif,0.688612
GIYSUD,cifs/GIYSUD.cif,4.910438
GIYTAK,cifs/GIYTAK.cif,4.432842
GIYTIS,cifs/GIYTIS.cif,0.810217
GOGWAB,cifs/GOGWAB.cif,4.858361
GOJDOZ,cifs/GOJDOZ.cif,6.184063
GOKBUE,cifs/GOKBUE.cif,1.97144
GUBVUU,cifs/GUBVUU.cif,0.153698
GULWOA,cifs/GULWOA.cif,4.039622
GUPBUP,cifs/GUPBUP.cif,0.004308
GUWDUY,cifs/GUWDUY.cif,0.178279
GUXPOF,cifs/GUXPOF.cif,0.76783
HAFQOW,cifs/HAFQOW.cif,0.063688
HAFQUC,cifs/HAFQUC.cif,0.081964
HAFTOZ,cifs/HAFTOZ.cif,0.010694
HAFVOB,cifs/HAFVOB.cif,5.653362
HAFVUH,cifs/HAFVUH.cif,0.054517
HAMJOW,cifs/HAMJOW.cif,1.809639
HAMREU,cifs/HAMREU.cif,3.558438
HAMRIY,cifs/HAMRIY.cif,3.574767
HAPVAX,cifs/HAPVAX.cif,6.372681
HAPVEB,cifs/HAPVEB.cif,6.404538
HAWWIN,cifs/HAWWIN.cif,9.052522
HAWWOT,cifs/HAWWOT.cif,10.11494
HAWWUZ,cifs/HAWWUZ.cif,9.72804
HAXMUP,cifs/HAXMUP.cif,0.006771
HEBJAB,cifs/HEBJAB.cif,4.363265
HEBKEG,cifs/HEBKEG.cif,1.431408
HEDCIE,cifs/HEDCIE.cif,0.06371
HEGJUZ,cifs/HEGJUZ.cif,0.108655
HEKTAU,cifs/HEKTAU.cif,0.327734
HIBGIJ,cifs/HIBGIJ.cif,0.04124
HICVOG,cifs/HICVOG.cif,6.005964
HICVUM,cifs/HICVUM.cif,4.876275
HIFGIO,cifs/HIFGIO.cif,0.038236
HIFTUM,cifs/HIFTUM.cif,4.255505
HIFVOI,cifs/HIFVOI.cif,0.031381
HIFWAV,cifs/HIFWAV.cif,0.030406
HIMSAY,cifs/HIMSAY.cif,0.096016
HOGLEV01,cifs/HOGLEV01.cif,0.06982
HOGSIG,cifs/HOGSIG.cif,1.95547
HOMZEP,cifs/HOMZEP.cif,4.352395
HOWPOZ,cifs/HOWPOZ.cif,3.561077
HOWPUF,cifs/HOWPUF.cif,8.487512
HOWQAM,cifs/HOWQAM.cif,2.503397
HURGEH,cifs/HURGEH.cif,1.638374
IBARUA,cifs/IBARUA.cif,3.586545
IBASEL,cifs/IBASEL.cif,3.351014
IBICAZ,cifs/IBICAZ.cif,0.202759
IBICED,cifs/IBICED.cif,0.13043
IBICIH,cifs/IBICIH.cif,0.177459
IBICON,cifs/IBICON.cif,0.132818
IBOZIK,cifs/IBOZIK.cif,0.233394
IBUDOZ,cifs/IBUDOZ.cif,0.05484
IBUYAH,cifs/IBUYAH.cif,1.638939
ICEGED,cifs/ICEGED.cif,5.221866
ICORAV,cifs/ICORAV.cif,6.75621
ICOWON,cifs/ICOWON.cif,6.817418
IFASOZ,cifs/IFASOZ.cif,3.052574
IFEHUY,cifs/IFEHUY.cif,5.298336
IFENOY01,cifs/IFENOY01.cif,0.54987
IFENOY02,cifs/IFENOY02.cif,0.821339
IFEPUG,cifs/IFEPUG.cif,0.628281
IFEQAN,cifs/IFEQAN.cif,0.645316
IFEQIV,cifs/IFEQIV.cif,0.528227
IGAHAB,cifs/IGAHAB.cif,2.373334
IJASOC,cifs/IJASOC.cif,5.251605
IKETAU,cifs/IKETAU.cif,10.95683
IKETEY,cifs/IKETEY.cif,10.5954
IKETOH,cifs/IKETOH.cif,0.041681
IKETOI,cifs/IKETOI.cif,10.2619
IKEVAW,cifs/IKEVAW.cif,10.15469
ILIFOY,cifs/ILIFOY.cif,0.086633
ILIFUE,cifs/ILIFUE.cif,0.099807
ILIGAL,cifs/ILIGAL.cif,0.080043
ILIGEP,cifs/ILIGEP.cif,0.121507
ILOJOJ,cifs/ILOJOJ.cif,0.147007
INIQUR,cifs/INIQUR.cif,3.083715
INIRAY,cifs/INIRAY.cif,1.328469
INOVEN,cifs/INOVEN.cif,6.337082
IPIFAP,cifs/IPIFAP.cif,0.008133
IPIJUM,cifs/IPIJUM.cif,7.851072
IQEWOQ,cifs/IQEWOQ.cif,0.034533
ISENUQ,cifs/ISENUQ.cif,1.939898
ISEQIH,cifs/ISEQIH.cif,4.083777
ITIWIS,cifs/ITIWIS.cif,2.139585
ITIWOY,cifs/ITIWOY.cif,2.464177
ITIWUE,cifs/ITIWUE.cif,1.939184
IVEGEV,cifs/IVEGEV.cif,0.065169
IVEHEW,cifs/IVEHEW.cif,2.491179
IWELIG01,cifs/IWELIG01.cif,2.667947
IWELIG,cifs/IWELIG.cif,2.73016
IXAKAU,cifs/IXAKAU.cif,1.021529
IXISAJ,cifs/IXISAJ.cif,0.686699
IXISOX,cifs/IXISOX.cif,0.732777
IXODUV,cifs/IXODUV.cif,0.043757
IXOFAD,cifs/IXOFAD.cif,0.037804
IXOFEH,cifs/IXOFEH.cif,0.042726
IXOFIL,cifs/IXOFIL.cif,0.045128
IXOFOR,cifs/IXOFOR.cif,0.047019
IXOFUX01,cifs/IXOFUX01.cif,0.045215
IXOFUX,cifs/IXOFUX.cif,0.042682
IYUJAO,cifs/IYUJAO.cif,0.464787
IZUMUM,cifs/IZUMUM.cif,0.097895
JASNAT,cifs/JASNAT.cif,0.275313
JAVNIE,cifs/JAVNIE.cif,0.763198
JEBCOJ,cifs/JEBCOJ.cif,3.632121
JEDJUY,cifs/JEDJUY.cif,8.127995
JEJWOL,cifs/JEJWOL.cif,3.381788
JETZAK,cifs/JETZAK.cif,5.467586
JILXOS,cifs/JILXOS.cif,1.05485
JITPOS,cifs/JITPOS.cif,3.665429
JIVFUQ,cifs/JIVFUQ.cif,5.23082
JIXWUJ01,cifs/JIXWUJ01.cif,0.038276
JIXWUJ,cifs/JIXWUJ.cif,0.033862
JIYXUL,cifs/JIYXUL.cif,6.177376
JOHFIW,cifs/JOHFIW.cif,5.526831
JUCXEK,cifs/JUCXEK.cif,5.322174
JUTCUW,cifs/JUTCUW.cif,0.003077
KALGAH,cifs/KALGAH.cif,2.00428
KAMZUV,cifs/KAMZUV.cif,0.005688
KANDIO,cifs/KANDIO.cif,0.256444
KANMIX,cifs/KANMIX.cif,0.080657
KASRAZ,cifs/KASRAZ.cif,4.345886
KATDAM,cifs/KATDAM.cif,0.551644
KAVGAQ,cifs/KAVGAQ.cif,3.846692
KAVTUY,cifs/KAVTUY.cif,3.522337
KAWBOB,cifs/KAWBOB.cif,4.130067
KAXQIL,cifs/KAXQIL.cif,0.227752
KEDQAN,cifs/KEDQAN.cif,0.048035
KEFBEE,cifs/KEFBEE.cif,5.978952
KEFBOO,cifs/KEFBOO.cif,5.903456
KEJBOQ,cifs/KEJBOQ.cif,3.322651
KEJHIQ,cifs/KEJHIQ.cif,3.576834
KESGAS,cifs/KESGAS.cif,0.652593
KESHAT,cifs/KESHAT.cif,7.245873
KIDVIE,cifs/KIDVIE.cif,7.113681
KIGCEK,cifs/KIGCEK.cif,0.017061
KINDOC,cifs/KINDOC.cif,4.990551
KINFAQ,cifs/KINFAQ.cif,5.661341
KINFEU,cifs/KINFEU.cif,6.205496
KINQAB,cifs/KINQAB.cif,0.95075
KIPJIE,cifs/KIPJIE.cif,3.626077
KIPJOK,cifs/KIPJOK.cif,4.346322
KIPKAX,cifs/KIPKAX.cif,3.165284
KIPKEB,cifs/KIPKEB.cif,4.995913
KIPZEQ,cifs/KIPZEQ.cif,0.164527
KIYMIQ,cifs/KIYMIQ.cif,7.298808
KOFPEB02,cifs/KOFPEB02.cif,3.546619
KOFPEB03,cifs/KOFPEB03.cif,3.412826
KOFPEB,cifs/KOFPEB.cif,3.543723
KONYOB,cifs/KONYOB.cif,0.157358
KUDLUR,cifs/KUDLUR.cif,3.521011
KULRIT,cifs/KULRIT.cif,7.146125
KUNWEW,cifs/KUNWEW.cif,2.223503
LABPOV,cifs/LABPOV.cif,2.542062
LABPUB,cifs/LABPUB.cif,1.917282
LAGWEX,cifs/LAGWEX.cif,2.697749
LASWEJ,cifs/LASWEJ.cif,1.936078
LASYOU,cifs/LASYOU.cif,0.053902
LAVTEJ,cifs/LAVTEJ.cif,4.915992
LAVTIN,cifs/LAVTIN.cif,0.206352
LAVTOT,cifs/LAVTOT.cif,0.165926
LAVTUZ,cifs/LAVTUZ.cif,0.056219
LAWGEW,cifs/LAWGEW.cif,0.006838
LAWGIA,cifs/LAWGIA.cif,0.006829
LAWGOG,cifs/LAWGOG.cif,0.007069
LAWGUM,cifs/LAWGUM.cif,0.007122
LAZGOK,cifs/LAZGOK.cif,2.968719
LAZKUU,cifs/LAZKUU.cif,0.354279
LEDLEN,cifs/LEDLEN.cif,0.054485
LEGGIO,cifs/LEGGIO.cif,2.916832
LEJBUX,cifs/LEJBUX.cif,0.973586
LELRUR,cifs/LELRUR.cif,5.776846
LIDZOP,cifs/LIDZOP.cif,0.163095
LIDZUV,cifs/LIDZUV.cif,0.214275
LIFWEE,cifs/LIFWEE.cif,1.497836
LIFWOO,cifs/LIFWOO.cif,2.558789
LIVTEP,cifs/LIVTEP.cif,0.036886
LIWXIZ,cifs/LIWXIZ.cif,0.051962
LOBHAM,cifs/LOBHAM.cif,10.72628
LOJFUL,cifs/LOJFUL.cif,0.157353
LOQLEJ,cifs/LOQLEJ.cif,0.097676
LOQLIN,cifs/LOQLIN.cif,0.159058
LOWQIX,cifs/LOWQIX.cif,3.62817
LUCDIW,cifs/LUCDIW.cif,5.243767
LUFNAC01,cifs/LUFNAC01.cif,7.28855
LUFNAC02,cifs/LUFNAC02.cif,7.91888
LUFNAC03,cifs/LUFNAC03.cif,6.473451
LUFNAC04,cifs/LUFNAC04.cif,6.632402
LUFNAC05,cifs/LUFNAC05.cif,6.632249
LUFNAC,cifs/LUFNAC.cif,6.728676
LUFNEG,cifs/LUFNEG.cif,4.628489
LUKREO,cifs/LUKREO.cif,3.495086
LUKRIS,cifs/LUKRIS.cif,3.161343
LUMDEC,cifs/LUMDEC.cif,0.082621
LUMZUO,cifs/LUMZUO.cif,6.654027
LUNBEB,cifs/LUNBEB.cif,2.869305
LUSHIR,cifs/LUSHIR.cif,0.786006
LUSHUD,cifs/LUSHUD.cif,1.744409
LUSJEP,cifs/LUSJEP.cif,0.806637
LUSJIT,cifs/LUSJIT.cif,0.497152
LUYHAP,cifs/LUYHAP.cif,0.030844
MABJUV,cifs/MABJUV.cif,0.064181
MABKEG,cifs/MABKEG.cif,0.166256
MABKIK01,cifs/MABKIK01.cif,0.13611
MADVUJ,cifs/MADVUJ.cif,0.06294
MADWAQ,cifs/MADWAQ.cif,0.138228
MAJHUC,cifs/MAJHUC.cif,4.633062
MAKXAZ,cifs/MAKXAZ.cif,0.933606
MAPFIS,cifs/MAPFIS.cif,6.30125
MARXEK,cifs/MARXEK.cif,3.939828
MASZUD,cifs/MASZUD.cif,0.344571
MAZSUD,cifs/MAZSUD.cif,0.182913
MEGBAD,cifs/MEGBAD.cif,5.058415
MEJQID,cifs/MEJQID.cif,0.234006
MEJQOJ,cifs/MEJQOJ.cif,0.259311
MEKDUC,cifs/MEKDUC.cif,0.338975
METYIU,cifs/METYIU.cif,0.09449
MEWNEH,cifs/MEWNEH.cif,6.086787
MICDEJ,cifs/MICDEJ.cif,6.412337
MIFGEP,cifs/MIFGEP.cif,3.489523
MIFKUJ,cifs/MIFKUJ.cif,0.383061
MIHLAR,cifs/MIHLAR.cif,1.605946
MIHLEV,cifs/MIHLEV.cif,3.731595
MIHLOF,cifs/MIHLOF.cif,4.821337
MIKJAR,cifs/MIKJAR.cif,3.717022
MIMVEJ,cifs/MIMVEJ.cif,1.822398
MINVUA,cifs/MINVUA.cif,0.88389
MIZJUB,cifs/MIZJUB.cif,4.042124
MOCKAR,cifs/MOCKAR.cif,0.045167
MOCKEV,cifs/MOCKEV.cif,0.821784
MODNIC,cifs/MODNIC.cif,0.132604
MODNOI,cifs/MODNOI.cif,0.329777
MODNUO,cifs/MODNUO.cif,0.363363
MOSDUT,cifs/MOSDUT.cif,2.556705
MOXNUJ,cifs/MOXNUJ.cif,0.014003
MOYMET,cifs/MOYMET.cif,6.719472
MOYYEF,cifs/MOYYEF.cif,0.072505
MOYYIJ,cifs/MOYYIJ.cif,0.03345
MUJRIT,cifs/MUJRIT.cif,3.049471
MULQOA,cifs/MULQOA.cif,7.292357
MURCAD,cifs/MURCAD.cif,5.218467
MURCIL,cifs/MURCIL.cif,0.165816
MURCOR,cifs/MURCOR.cif,0.068105
MURTUO,cifs/MURTUO.cif,4.882116
MUTVUT,cifs/MUTVUT.cif,1.64499
MUVGUG,cifs/MUVGUG.cif,0.109579
MUVHAN,cifs/MUVHAN.cif,0.096501
MUVHER,cifs/MUVHER.cif,0.104081
MUWQEB,cifs/MUWQEB.cif,3.198789
MUZHUL,cifs/MUZHUL.cif,3.717182
NABMUA01,cifs/NABMUA01.cif,8.494855
NABMUA,cifs/NABMUA.cif,8.458196
NACVUI,cifs/NACVUI.cif,1.995019
NADZID,cifs/NADZID.cif,1.873629
NAGBUU,cifs/NAGBUU.cif,3.475313
NAGQET,cifs/NAGQET.cif,0.377249
NALWOO,cifs/NALWOO.cif,2.425771
NALYEG,cifs/NALYEG.cif,4.258432
NAYGUR,cifs/NAYGUR.cif,0.014202
NAYZUK,cifs/NAYZUK.cif,0.238138
NAZZEV,cifs/NAZZEV.cif,2.878937
NEDWAW,cifs/NEDWAW.cif,0.053221
NEDWEA,cifs/NEDWEA.cif,1.301029
NEDWIE,cifs/NEDWIE.cif,1.808158
NEHZIK,cifs/NEHZIK.cif,0.13695
NEKBEL,cifs/NEKBEL.cif,3.637767
NERMON,cifs/NERMON.cif,5.591212
NEVQAH,cifs/NEVQAH.cif,1.718152
NEVVAM,cifs/NEVVAM.cif,0.071257
NEVVEQ,cifs/NEVVEQ.cif,0.386752
NIBXUT,cifs/NIBXUT.cif,9.654759
NIHBEM01,cifs/NIHBEM01.cif,0.04928
NIHBEM02,cifs/NIHBEM02.cif,0.042602
NIHBEM,cifs/NIHBEM.cif,0.052689
NIHBIQ01,cifs/NIHBIQ01.cif,0.047985
NIHBIQ02,cifs/NIHBIQ02.cif,0.042405
NIHBIQ,cifs/NIHBIQ.cif,0.056746
NIJZIP01,cifs/NIJZIP01.cif,0.28689
NIJZOV,cifs/NIJZOV.cif,0.004485
NIKDAM,cifs/NIKDAM.cif,6.49872
NIKYOW02,cifs/NIKYOW02.cif,0.049947
NIKYUC01,cifs/NIKYUC01.cif,0.051515
NIKYUC02,cifs/NIKYUC02.cif,0.039212
NIKYUC,cifs/NIKYUC.cif,0.059913
NIKZAJ02,cifs/NIKZAJ02.cif,0.057184
NIKZEN01,cifs/NIKZEN01.cif,0.055248
NIKZEN02,cifs/NIKZEN02.cif,0.04756
NIKZEN,cifs/NIKZEN.cif,0.058872
NINHOH,cifs/NINHOH.cif,3.561772
NOHFOG,cifs/NOHFOG.cif,3.583991
NUTQAV,cifs/NUTQAV.cif,0.02887
NUTQEZ,cifs/NUTQEZ.cif,0.033638
NUVWEH,cifs/NUVWEH.cif,3.231291
NUVWIL,cifs/NUVWIL.cif,1.990227
OBEDEE,cifs/OBEDEE.cif,0.034701
OBUBOC,cifs/OBUBOC.cif,1.221184
OBUFEX,cifs/OBUFEX.cif,1.625411
OBUFIB,cifs/OBUFIB.cif,1.858092
OCAQOY,cifs/OCAQOY.cif,2.342168
OCUGEZ01,cifs/OCUGEZ01.cif,7.055667
OCUGEZ,cifs/OCUGEZ.cif,7.136641
OCUPOS,cifs/OCUPOS.cif,5.521445
ODIMAQ,cifs/ODIMAQ.cif,2.436305
ODIXEG,cifs/ODIXEG.cif,2.070349
ODODIW,cifs/ODODIW.cif,1.656586
ODOXEK,cifs/ODOXEK.cif,0.31388
ODUNEH,cifs/ODUNEH.cif,2.273732
OFAWAV,cifs/OFAWAV.cif,4.133651
OFAWEZ,cifs/OFAWEZ.cif,4.05411
OFEHAK,cifs/OFEHAK.cif,4.250149
OFESAU,cifs/OFESAU.cif,3.505527
OFESIC,cifs/OFESIC.cif,3.506323
OFODAP,cifs/OFODAP.cif,3.958828
OFORUX,cifs/OFORUX.cif,0.019621
OFUYUL,cifs/OFUYUL.cif,0.167495
OGAGAF,cifs/OGAGAF.cif,1.503678
OGAGEJ,cifs/OGAGEJ.cif,4.515181
OGAGIN,cifs/OGAGIN.cif,2.732705
OHAKEO,cifs/OHAKEO.cif,0.772254
OHAKIS,cifs/OHAKIS.cif,1.355735
OHOMIH,cifs/OHOMIH.cif,2.84761
OJICUG,cifs/OJICUG.cif,5.666111
OJIWIO,cifs/OJIWIO.cif,0.508942
OKILEA,cifs/OKILEA.cif,7.394978
OKITAE,cifs/OKITAE.cif,2.390404
OKITIM01,cifs/OKITIM01.cif,0.589751
OKITIM02,cifs/OKITIM02.cif,0.498773
OKITIM,cifs/OKITIM.cif,0.543493
OKIVAG01,cifs/OKIVAG01.cif,1.323804
OKIVAG,cifs/OKIVAG.cif,0.888849
OKIVIO01,cifs/OKIVIO01.cif,1.31568
OKIVIO02,cifs/OKIVIO02.cif,1.108511
OKIVIO,cifs/OKIVIO.cif,0.79277
OKIWEL01,cifs/OKIWEL01.cif,0.623209
OKIWEL02,cifs/OKIWEL02.cif,0.993172
OKIWEL,cifs/OKIWEL.cif,0.566868
OKIWUB01,cifs/OKIWUB01.cif,1.832392
OKIWUB,cifs/OKIWUB.cif,1.511945
OKIXIQ01,cifs/OKIXIQ01.cif,1.030887
OKIXIQ02,cifs/OKIXIQ02.cif,1.088762
OKIXIQ,cifs/OKIXIQ.cif,1.042565
OKIYAJ,cifs/OKIYAJ.cif,2.879917
OKIYIR03,cifs/OKIYIR03.cif,0.638289
OKIYIR,cifs/OKIYIR.cif,0.716511
OLUCAZ,cifs/OLUCAZ.cif,6.530294
OPIWEQ,cifs/OPIWEQ.cif,0.17838
OQANIE,cifs/OQANIE.cif,0.144592
OQETEK,cifs/OQETEK.cif,0.040658
OSIWUJ,cifs/OSIWUJ.cif,0.031891
OSIXEU,cifs/OSIXEU.cif,0.040154
OSIXIY,cifs/OSIXIY.cif,0.043522
OTAVOV,cifs/OTAVOV.cif,0.489691
OVICUS,cifs/OVICUS.cif,0.105416
OVIZID,cifs/OVIZID.cif,5.674274
OWAVOY,cifs/OWAVOY.cif,0.221336
OXITOF,cifs/OXITOF.cif,5.004457
OXUPUT,cifs/OXUPUT.cif,7.645622
PACZUQ,cifs/PACZUQ.cif,2.157233
PAKXIK,cifs/PAKXIK.cif,2.661242
PAMTII,cifs/PAMTII.cif,2.592413
PAMVEG,cifs/PAMVEG.cif,0.822989
PAPRUU,cifs/PAPRUU.cif,0.147661
PAPXUB,cifs/PAPXUB.cif,0.053175
PARHAS,cifs/PARHAS.cif,11.24607
PARHEW,cifs/PARHEW.cif,11.17879
PARMIG,cifs/PARMIG.cif,1.033654
PARNIH,cifs/PARNIH.cif,0.061992
PARNON,cifs/PARNON.cif,0.06561
PEDMOB,cifs/PEDMOB.cif,5.670234
PEFRID01,cifs/PEFRID01.cif,5.042961
PEFRID,cifs/PEFRID.cif,2.926082
PEFRUP01,cifs/PEFRUP01.cif,4.229687
PEFRUP,cifs/PEFRUP.cif,2.3483
PEGCEL,cifs/PEGCEL.cif,0.906988
PEJFOA,cifs/PEJFOA.cif,3.567313
PEJMOI,cifs/PEJMOI.cif,1.161018
PELGOE,cifs/PELGOE.cif,2.37572
PELXIP,cifs/PELXIP.cif,3.186595
PENNUT,cifs/PENNUT.cif,1.914967
PEPBAO,cifs/PEPBAO.cif,1.306202
PEPKUR,cifs/PEPKUR.cif,0.306026
PEPLEC,cifs/PEPLEC.cif,0.044999
PEPLIG,cifs/PEPLIG.cif,0.04751
PEPLOM,cifs/PEPLOM.cif,0.115556
PETWOC,cifs/PETWOC.cif,0.019449
PEVQIS,cifs/PEVQIS.cif,0.018036
PEVQOY,cifs/PEVQOY.cif,0.010091
PEWGEF,cifs/PEWGEF.cif,0.569294
PEWXUL01,cifs/PEWXUL01.cif,0.067296
PEWXUL,cifs/PEWXUL.cif,0.076819
PEYSIW,cifs/PEYSIW.cif,0.055372
PIDMEV01,cifs/PIDMEV01.cif,1.541844
PIHWAG,cifs/PIHWAG.cif,4.503543
PIJJOI,cifs/PIJJOI.cif,2.067186
PIJROR,cifs/PIJROR.cif,4.470345
PIZPET,cifs/PIZPET.cif,7.525139
PIZPOD,cifs/PIZPOD.cif,4.704965
PORVUO,cifs/PORVUO.cif,2.351624
PUQXUV,cifs/PUQXUV.cif,0.04347
PUQYAC,cifs/PUQYAC.cif,0.042742
PURJES,cifs/PURJES.cif,3.315036
PURJIW,cifs/PURJIW.cif,1.822555
PUWCUF,cifs/PUWCUF.cif,4.70331
QADBII,cifs/QADBII.cif,0.049913
QALGUH,cifs/QALGUH.cif,0.081677
QAQSAD,cifs/QAQSAD.cif,3.143934
QATHOK,cifs/QATHOK.cif,1.747616
QAVWAN,cifs/QAVWAN.cif,0.24151
QEBGAH,cifs/QEBGAH.cif,1.761374
QEFNAQ,cifs/QEFNAQ.cif,1.439001
QESYOD,cifs/QESYOD.cif,0.188245
QEVKOS,cifs/QEVKOS.cif,0.695164
QIRYAS,cifs/QIRYAS.cif,1.590604
QITYOI,cifs/QITYOI.cif,4.312621
QOJVAM,cifs/QOJVAM.cif,0.126806
QOKCID,cifs/QOKCID.cif,0.397004
QONQEQ,cifs/QONQEQ.cif,0.061586
QUFTAM,cifs/QUFTAM.cif,4.26023
QUNMUI,cifs/QUNMUI.cif,0.005535
QUPHUF,cifs/QUPHUF.cif,0.078664
QUQFIS,cifs/QUQFIS.cif,6.375754
QURSEC,cifs/QURSEC.cif,6.100501
QUTTII,cifs/QUTTII.cif,6.994501
RABHAZ,cifs/RABHAZ.cif,0.335775
RABHIH,cifs/RABHIH.cif,0.523692
RACZEC,cifs/RACZEC.cif,0.126397
RACZIG,cifs/RACZIG.cif,0.203983
RAVWAO,cifs/RAVWAO.cif,5.230782
RAYMAG,cifs/RAYMAG.cif,2.744512
RAZXIA,cifs/RAZXIA.cif,5.90625
RAZYIC,cifs/RAZYIC.cif,0.053352
RAZYOI,cifs/RAZYOI.cif,0.044932
REDYEG,cifs/REDYEG.cif,0.298974
REFTON,cifs/REFTON.cif,3.304353
REFTUT,cifs/REFTUT.cif,3.792997
REGJIW01,cifs/REGJIW01.cif,2.389734
REGJIW02,cifs/REGJIW02.cif,2.288339
REGJIW,cifs/REGJIW.cif,2.519432
REGQUR,cifs/REGQUR.cif,4.066156
REGREC,cifs/REGREC.cif,6.745751
REJLEY,cifs/REJLEY.cif,4.153396
REJLIC,cifs/REJLIC.cif,1.624743
REJVOS,cifs/REJVOS.cif,0.135643
RELLAW,cifs/RELLAW.cif,0.136073
RESQAJ,cifs/RESQAJ.cif,1.18502
RESSAK,cifs/RESSAK.cif,5.75349
RETBEZ,cifs/RETBEZ.cif,2.094775
REYPIW,cifs/REYPIW.cif,5.356307
REZVAU,cifs/REZVAU.cif,9.969673
RIBTAZ,cifs/RIBTAZ.cif,1.130556
RIFDUG01,cifs/RIFDUG01.cif,8.074694
RIFQUT,cifs/RIFQUT.cif,2.613712
RIPNIP,cifs/RIPNIP.cif,3.374155
RIVDEF,cifs/RIVDEF.cif,0.008427
RIXBIK,cifs/RIXBIK.cif,0.447775
ROGLOP,cifs/ROGLOP.cif,0.912834
ROGSAI,cifs/ROGSAI.cif,2.793709
RONCIG,cifs/RONCIG.cif,0.056663
RONZID,cifs/RONZID.cif,0.004846
RUCGOM,cifs/RUCGOM.cif,2.744329
RUMWUS,cifs/RUMWUS.cif,2.108463
RURPEA,cifs/RURPEA.cif,0.212765
RUVKAV,cifs/RUVKAV.cif,0.029084
RUVMAX,cifs/RUVMAX.cif,4.707724
RUWWOW01,cifs/RUWWOW01.cif,5.397121
RUWWOW,cifs/RUWWOW.cif,5.677438
RUWWUC,cifs/RUWWUC.cif,4.983656
RUWXAJ,cifs/RUWXAJ.cif,4.947662
RUWXEN,cifs/RUWXEN.cif,5.427123
SABVOH01,cifs/SABVOH01.cif,0.078118
SABVOH,cifs/SABVOH.cif,0.081019
SABVUN,cifs/SABVUN.cif,0.071724
SADLEQ,cifs/SADLEQ.cif,5.930288
SADLIU,cifs/SADLIU.cif,0.069346
SADMUH,cifs/SADMUH.cif,0.088286
SAHYAD01,cifs/SAHYAD01.cif,3.153985
SAHYAD,cifs/SAHYAD.cif,2.239374
SAHYIL,cifs/SAHYIL.cif,1.715993
SAKRAZ,cifs/SAKRAZ.cif,0.662049
SAKRED,cifs/SAKRED.cif,0.494064
SAQQEH,cifs/SAQQEH.cif,2.126567
SAQQIL,cifs/SAQQIL.cif,1.265097
SAQQOR,cifs/SAQQOR.cif,2.401015
SARNOQ,cifs/SARNOQ.cif,0.787066
SEFBOV,cifs/SEFBOV.cif,0.429728
SEFSOM,cifs/SEFSOM.cif,0.198992
SEHZUB,cifs/SEHZUB.cif,5.020154
SENWAL,cifs/SENWAL.cif,2.979387
SEQSOY,cifs/SEQSOY.cif,2.290337
SEQTEP,cifs/SEQTEP.cif,4.969424
SERJOP,cifs/SERJOP.cif,0.089418
SERJUV,cifs/SERJUV.cif,2.992949
SETQOZ,cifs/SETQOZ.cif,0.082781
SETQUF,cifs/SETQUF.cif,0.082169
SETSIV,cifs/SETSIV.cif,2.731538
SISFEH,cifs/SISFEH.cif,3.737427
SIVKAK,cifs/SIVKAK.cif,2.980801
SOBZOY,cifs/SOBZOY.cif,0.024444
SODZIV,cifs/SODZIV.cif,3.844609
SOHGUS,cifs/SOHGUS.cif,0.024576
SONTAR,cifs/SONTAR.cif,1.631272
SONVAT,cifs/SONVAT.cif,0.054942
SONVEX,cifs/SONVEX.cif,0.053549
SONVIB,cifs/SONVIB.cif,0.055882
SOVHAM,cifs/SOVHAM.cif,0.07994
SOYWOT,cifs/SOYWOT.cif,0.047629
SUJNUH,cifs/SUJNUH.cif,0.035781
SUKYIH,cifs/SUKYIH.cif,0.019182
TACPAP,cifs/TACPAP.cif,0.161794
TADYEE,cifs/TADYEE.cif,1.182762
TAMJEY,cifs/TAMJEY.cif,1.584357
TAPXIT01,cifs/TAPXIT01.cif,2.55558
TASXIW,cifs/TASXIW.cif,3.32387
TATPOV,cifs/TATPOV.cif,4.802699
TEBSAW,cifs/TEBSAW.cif,3.425154
TECVEE,cifs/TECVEE.cif,8.858809
TEJGEW,cifs/TEJGEW.cif,6.67961
TEJGIA01,cifs/TEJGIA01.cif,7.053126
TEJGIA,cifs/TEJGIA.cif,7.02462
TENLIJ,cifs/TENLIJ.cif,1.961387
TEQPAI,cifs/TEQPAI.cif,4.8238
TESHAB,cifs/TESHAB.cif,0.085167
TETZID,cifs/TETZID.cif,0.82157
TEVZIE,cifs/TEVZIE.cif,0.08752
TEVZUQ,cifs/TEVZUQ.cif,0.077856
TEWFUY,cifs/TEWFUY.cif,0.440765
TIRLIQ,cifs/TIRLIQ.cif,0.9865
TIRRIW,cifs/TIRRIW.cif,0.228326
TOHZAS,cifs/TOHZAS.cif,3.140178
TOKDON,cifs/TOKDON.cif,3.597918
TOLGOR,cifs/TOLGOR.cif,2.869013
TONQOD,cifs/TONQOD.cif,3.03049
TUTJAU,cifs/TUTJAU.cif,4.767493
UBIPAY,cifs/UBIPAY.cif,8.463955
UBUMAH,cifs/UBUMAH.cif,2.278008
UGAQEY,cifs/UGAQEY.cif,0.061995
UGUQOC,cifs/UGUQOC.cif,6.32395
UJIZET,cifs/UJIZET.cif,6.054083
UKAPUS,cifs/UKAPUS.cif,2.693837
UKAQIH,cifs/UKAQIH.cif,2.470876
UKIQIP,cifs/UKIQIP.cif,3.619603
UKUBIM,cifs/UKUBIM.cif,0.170042
UKUBOS,cifs/UKUBOS.cif,0.295964
UKUBUY,cifs/UKUBUY.cif,0.230688
UKUCAF,cifs/UKUCAF.cif,0.387483
UKUPUL,cifs/UKUPUL.cif,10.26717
ULUVUT,cifs/ULUVUT.cif,1.170118
UMEXUF,cifs/UMEXUF.cif,4.881107
UTEWOG,cifs/UTEWOG.cif,0.052384
UTEWUM,cifs/UTEWUM.cif,0.059178
UVEVAT,cifs/UVEVAT.cif,1.698468
UVEXAV,cifs/UVEXAV.cif,5.343184
UVINAP,cifs/UVINAP.cif,0.024231
UVUQAE,cifs/UVUQAE.cif,2.09671
UWELIS,cifs/UWELIS.cif,1.409074
UWUTIQ,cifs/UWUTIQ.cif,0.173078
UXABOL,cifs/UXABOL.cif,5.345584
UXABUR,cifs/UXABUR.cif,2.045635
UZIJUJ,cifs/UZIJUJ.cif,4.995707
UZUNAF01,cifs/UZUNAF01.cif,0.023793
UZUNAF,cifs/UZUNAF.cif,0.022332
VACFOV,cifs/VACFOV.cif,0.199688
VACFUB01,cifs/VACFUB01.cif,0.021547
VACFUB,cifs/VACFUB.cif,0.016731
VAGTUU,cifs/VAGTUU.cif,2.402508
VAHVOR,cifs/VAHVOR.cif,6.362045
VAKBIU,cifs/VAKBIU.cif,1.375157
VASKOR,cifs/VASKOR.cif,0.214291
VATXEU,cifs/VATXEU.cif,0.070839
VATYAR,cifs/VATYAR.cif,7.759429
VATYEV,cifs/VATYEV.cif,6.939082
VAZTOG,cifs/VAZTOG.cif,0.006699
VEDFAN,cifs/VEDFAN.cif,0.243943
VEDFIV,cifs/VEDFIV.cif,0.275636
VEDFOB,cifs/VEDFOB.cif,0.207606
VEDGAO,cifs/VEDGAO.cif,0.351015
VEHPUU,cifs/VEHPUU.cif,0.591797
VEHRIL,cifs/VEHRIL.cif,8.687003
VEJYIT01,cifs/VEJYIT01.cif,0.03183
VEJYIT,cifs/VEJYIT.cif,0.038979
VEMMAC,cifs/VEMMAC.cif,4.721985
VEMMEG,cifs/VEMMEG.cif,5.932129
VEQBID,cifs/VEQBID.cif,6.881433
VETTOE,cifs/VETTOE.cif,5.245639
VICDOC,cifs/VICDOC.cif,0.115002
VICYUD,cifs/VICYUD.cif,4.99877
VIDXOX,cifs/VIDXOX.cif,7.65164
VIFBOD,cifs/VIFBOD.cif,9.732896
VIRPOC,cifs/VIRPOC.cif,0.199129
VIRVEY,cifs/VIRVEY.cif,2.651923
VODSEM,cifs/VODSEM.cif,12.87436
VUHJAK,cifs/VUHJAK.cif,1.006453
VUQJUN01,cifs/VUQJUN01.cif,2.960404
VUQJUN,cifs/VUQJUN.cif,3.026181
VUQKAU02,cifs/VUQKAU02.cif,5.468402
VUQKOI,cifs/VUQKOI.cif,0.766635
VUQKUO,cifs/VUQKUO.cif,0.81679
VURYOX,cifs/VURYOX.cif,0.249381
VUSKAW,cifs/VUSKAW.cif,0.008676
WAFKAQ,cifs/WAFKAQ.cif,0.090586
WAJHOG,cifs/WAJHOG.cif,0.05619
WAMRIN01,cifs/WAMRIN01.cif,3.737431
WAMRIN02,cifs/WAMRIN02.cif,2.971544
WASTUG,cifs/WASTUG.cif,10.41706
WASVES,cifs/WASVES.cif,10.37725
WAYMEQ,cifs/WAYMEQ.cif,5.858184
WAYMIU,cifs/WAYMIU.cif,0.079053
WAYMOA,cifs/WAYMOA.cif,0.066874
WEBKOD,cifs/WEBKOD.cif,0.339501
WEBREC,cifs/WEBREC.cif,1.131716
WECFAN01,cifs/WECFAN01.cif,3.365179
WECFAN,cifs/WECFAN.cif,3.132898
WEDQED,cifs/WEDQED.cif,2.19296
WEFXEM,cifs/WEFXEM.cif,3.228449
WEMBUN,cifs/WEMBUN.cif,3.821172
WEMCAU,cifs/WEMCAU.cif,2.714934
WEMDID,cifs/WEMDID.cif,6.788145
WEMDOJ,cifs/WEMDOJ.cif,6.753196
WEMFAX,cifs/WEMFAX.cif,6.410212
WEMFIF,cifs/WEMFIF.cif,6.535029
WEMFOL,cifs/WEMFOL.cif,6.463234
WEMNAF,cifs/WEMNAF.cif,4.839134
WENKEH,cifs/WENKEH.cif,1.518548
WENLAE,cifs/WENLAE.cif,2.46988
WEVQOD,cifs/WEVQOD.cif,0.134231
WEZCIO,cifs/WEZCIO.cif,2.852162
WICGEV,cifs/WICGEV.cif,0.046721
WIFBAQ,cifs/WIFBAQ.cif,2.289246
WIHVAL,cifs/WIHVAL.cif,0.042281
WIHVEP,cifs/WIHVEP.cif,0.032182
WIJDAV,cifs/WIJDAV.cif,1.847781
WIYFAM,cifs/WIYFAM.cif,0.068569
WIYZOU,cifs/WIYZOU.cif,12.43459
WOCWAN,cifs/WOCWAN.cif,0.124291
WOHDON,cifs/WOHDON.cif,0.311961
WOHSIV,cifs/WOHSIV.cif,0.032507
WOJJOV,cifs/WOJJOV.cif,0.403699
WOLRIZ,cifs/WOLRIZ.cif,0.036136
WONZOP,cifs/WONZOP.cif,0.098044
WOPDEL,cifs/WOPDEL.cif,0.168906
WUHJIT,cifs/WUHJIT.cif,10.86353
WUNSEE01,cifs/WUNSEE01.cif,1.258708
WUNSEE02,cifs/WUNSEE02.cif,0.970272
WUNSEE,cifs/WUNSEE.cif,1.602795
WUNSII01,cifs/WUNSII01.cif,0.705086
WUNSII02,cifs/WUNSII02.cif,1.283016
WUNSII,cifs/WUNSII.cif,0.495848
WUNTAB,cifs/WUNTAB.cif,1.488261
WUNVIL,cifs/WUNVIL.cif,1.547156
WUTBES,cifs/WUTBES.cif,3.508726
WUTBIW,cifs/WUTBIW.cif,3.654142
XACZEH,cifs/XACZEH.cif,2.064909
XADDEN,cifs/XADDEN.cif,0.056473
XADDIR,cifs/XADDIR.cif,0.054535
XADDUD,cifs/XADDUD.cif,3.226887
XADGAM,cifs/XADGAM.cif,0.451294
XAFXOT,cifs/XAFXOT.cif,4.166726
XAJQAC,cifs/XAJQAC.cif,0.245335
XAKQOR,cifs/XAKQOR.cif,0.52544
XAMDUM01,cifs/XAMDUM01.cif,0.051824
XAMDUM03,cifs/XAMDUM03.cif,0.061058
XAMDUM04,cifs/XAMDUM04.cif,0.052807
XAMDUM05,cifs/XAMDUM05.cif,0.046967
XAMDUM06,cifs/XAMDUM06.cif,0.041923
XAMDUM07,cifs/XAMDUM07.cif,0.037914
XAMDUM,cifs/XAMDUM.cif,0.057518
XASFAY,cifs/XASFAY.cif,0.057439
XAVDEF,cifs/XAVDEF.cif,0.280574
XAWVUN,cifs/XAWVUN.cif,0.013591
XEBHOC,cifs/XEBHOC.cif,0.01229
XECBUD,cifs/XECBUD.cif,2.410204
XEDPIH,cifs/XEDPIH.cif,0.413922
XEDPON,cifs/XEDPON.cif,0.043405
XEGJOK,cifs/XEGJOK.cif,5.436607
XEGKEB,cifs/XEGKEB.cif,4.990435
XEGKIF,cifs/XEGKIF.cif,3.118177
XEGKOL,cifs/XEGKOL.cif,2.398399
XEGKUR,cifs/XEGKUR.cif,5.015975
XEHSAF,cifs/XEHSAF.cif,0.136242
XEHSEJ,cifs/XEHSEJ.cif,0.117646
XEHSIN,cifs/XEHSIN.cif,0.135076
XEHSUZ,cifs/XEHSUZ.cif,0.153073
XEQRAO,cifs/XEQRAO.cif,4.547178
XEXLAP,cifs/XEXLAP.cif,0.091674
XEXLIX,cifs/XEXLIX.cif,0.076025
XEXLOD,cifs/XEXLOD.cif,0.043555
XEXLUJ,cifs/XEXLUJ.cif,0.049818
XEXMEU,cifs/XEXMEU.cif,0.039757
XIBZUF,cifs/XIBZUF.cif,7.38312
XIDBUJ,cifs/XIDBUJ.cif,3.48612
XIHRIQ,cifs/XIHRIQ.cif,0.378524
XILVIZ,cifs/XILVIZ.cif,0.728271
XINFUW,cifs/XINFUW.cif,5.602649
XINRAP,cifs/XINRAP.cif,0.606578
XINWUO,cifs/XINWUO.cif,0.006795
XOHLEM,cifs/XOHLEM.cif,6.411342
XOJWEZ,cifs/XOJWEZ.cif,0.586812
XOMJUE,cifs/XOMJUE.cif,0.905635
XOPLOE,cifs/XOPLOE.cif,0.082478
XOVPON,cifs/XOVPON.cif,7.149567
XUGSEY,cifs/XUGSEY.cif,0.129409
XUMFIV,cifs/XUMFIV.cif,0.430607
XUNGOD,cifs/XUNGOD.cif,0.138072
XUNGUJ,cifs/XUNGUJ.cif,0.130111
XUNHAQ,cifs/XUNHAQ.cif,0.113083
XUVHEB,cifs/XUVHEB.cif,0.086189
XUYXAR,cifs/XUYXAR.cif,1.330611
YANBAR01,cifs/YANBAR01.cif,0.074542
YANBAR02,cifs/YANBAR02.cif,0.061618
YARGAB,cifs/YARGAB.cif,0.237605
YARKEJ,cifs/YARKEJ.cif,4.753641
YARSAN,cifs/YARSAN.cif,1.284427
YARYEV,cifs/YARYEV.cif,0.959329
YAXBOP,cifs/YAXBOP.cif,0.133546
YAZWOM,cifs/YAZWOM.cif,1.174461
YEGCUJ,cifs/YEGCUJ.cif,1.881022
YEGKOM,cifs/YEGKOM.cif,0.050862
YEMJAC,cifs/YEMJAC.cif,5.16561
YEYFEP,cifs/YEYFEP.cif,3.563165
YEZFIU,cifs/YEZFIU.cif,0.468912
YICREI,cifs/YICREI.cif,4.582576
YIWMEW,cifs/YIWMEW.cif,0.029417
YIWMIA,cifs/YIWMIA.cif,0.00994
YIWPEZ,cifs/YIWPEZ.cif,0.012421
YUBFOR,cifs/YUBFOR.cif,0.013374
YUGLES,cifs/YUGLES.cif,0.024434
YUKKAR,cifs/YUKKAR.cif,1.012083
YURKAY,cifs/YURKAY.cif,4.560642
YUSGID,cifs/YUSGID.cif,2.250218
ZARZAV,cifs/ZARZAV.cif,0.641654
ZASJAG,cifs/ZASJAG.cif,0.036166
ZAZBUZ,cifs/ZAZBUZ.cif,0.138372
ZEBMAW,cifs/ZEBMAW.cif,5.022592
ZERQOE,cifs/ZERQOE.cif,0.777388
ZEXKUK,cifs/ZEXKUK.cif,0.12708
ZIKJIO,cifs/ZIKJIO.cif,0.08372
ZIKJOU,cifs/ZIKJOU.cif,0.327093
ZILBAZ,cifs/ZILBAZ.cif,3.181132
ZILBED,cifs/ZILBED.cif,3.763339
ZISYAD,cifs/ZISYAD.cif,0.180597
ZURQOS,cifs/ZURQOS.cif,0.278421
